2018_Eng_Barking and Dagenham_Autumn Half Term Holidays,2018-10-22,2018-10-27
2018_Eng_Barking and Dagenham_Winter Holidays,2018-12-21,2019-01-03
2018_Eng_Barnet_Autumn Half Term Holidays,2018-10-22,2018-10-27
2018_Eng_Barnet_Winter Holidays,2018-12-24,2019-01-05
2018_Eng_Barnsley_Autumn Half Term Holidays,2018-10-29,2018-11-03
2018_Eng_Barnsley_Winter Holidays,2018-12-24,2019-01-05
2018_Eng_Bath and North East Somerset_Autumn Half Term Holidays,2018-10-29,2018-11-03
2018_Eng_Bath and North East Somerset_Winter Holidays,2018-12-24,2019-01-05
2018_Eng_Bedford_Autumn Half Term Holidays,2018-10-22,2018-10-30
2018_Eng_Bedford_Winter Holidays,2018-12-20,2019-01-03
2018_Eng_Bexley_Autumn Half Term Holidays,2018-10-22,2018-10-27
2018_Eng_Bexley_Winter Holidays,2018-12-24,2019-01-05
2018_Eng_Birmingham_Autumn Half Term Holidays,2018-10-29,2018-11-03
2018_Eng_Birmingham_Winter Holidays,2018-12-24,2019-01-05
2018_Eng_Blackburn with Darwen_Autumn Half Term Holidays,2018-10-22,2018-10-27
2018_Eng_Blackburn with Darwen_Winter Holidays,2018-12-24,2019-01-05
2018_Eng_Blackpool_Autumn Half Term Holidays,2018-10-22,2018-10-27
2018_Eng_Blackpool_Winter Holidays,2018-12-24,2019-01-05
2018_Eng_Bolton_Autumn Half Term Holidays,2018-10-22,2018-10-27
2018_Eng_Bolton_Winter Holidays,2018-12-24,2019-01-05
2018_Eng_Bournemouth_Autumn Half Term Holidays,2018-10-22,2018-10-27
2018_Eng_Bournemouth_Winter Holidays,2018-12-24,2019-01-05
2018_Eng_Bracknell Forest_Autumn Half Term Holidays,2018-10-22,2018-10-27
2018_Eng_Bracknell Forest_Winter Holidays,2018-12-24,2019-01-05
2018_Eng_Bradford_Autumn Half Term Holidays,2018-10-22,2018-10-25
2018_Eng_Bradford_Winter Holidays,2018-12-20,2019-01-02
2018_Eng_Brent_Autumn Half Term Holidays,2018-10-22,2018-10-27
2018_Eng_Brent_Winter Holidays,2018-12-24,2019-01-05
2018_Eng_Brighton and Hove_Autumn Half Term Holidays,2018-10-22,2018-11-03
2018_Eng_Brighton and Hove_Winter Holidays,2018-12-20,2019-01-03
2018_Eng_Bristol City of_Autumn Half Term Holidays,2018-10-29,2018-11-03
2018_Eng_Bristol City of_Winter Holidays,2018-12-24,2019-01-05
2018_Eng_Bromley_Autumn Half Term Holidays,2018-10-22,2018-10-27
2018_Eng_Bromley_Winter Holidays,2018-12-24,2019-01-05
2018_Eng_Buckinghamshire_Autumn Half Term Holidays,2018-10-22,2018-10-27
2018_Eng_Buckinghamshire_Winter Holidays,2018-12-20,2019-01-03
2018_Eng_Bury_Autumn Half Term Holidays,2018-10-22,2018-10-27
2018_Eng_Bury_Winter Holidays,2018-12-24,2019-01-04
2018_Eng_Calderdale_Autumn Half Term Holidays,2018-10-29,2018-11-03
2018_Eng_Calderdale_Winter Holidays,2018-12-24,2019-01-05
2018_Eng_Cambridgeshire_Autumn Half Term Holidays,2018-10-22,2018-10-27
2018_Eng_Cambridgeshire_Winter Holidays,2018-12-20,2019-01-03
2018_Eng_Camden_Autumn Half Term Holidays,2018-10-22,2018-10-27
2018_Eng_Camden_Winter Holidays,2018-12-24,2019-01-05
2018_Eng_Central Bedfordshire_Autumn Half Term Holidays,2018-10-22,2018-10-30
2018_Eng_Central Bedfordshire_Winter Holidays,2018-12-20,2019-01-03
2018_Eng_Cheshire East_Autumn Half Term Holidays,2018-10-29,2018-11-03
2018_Eng_Cheshire East_Winter Holidays,2018-12-21,2019-01-05
2018_Eng_Cheshire West and Chester_Autumn Half Term Holidays,2018-10-29,2018-11-03
2018_Eng_Cheshire West and Chester_Winter Holidays,2018-12-24,2019-01-05
2018_Eng_Cornwall_Autumn Half Term Holidays,2018-10-22,2018-10-27
2018_Eng_Cornwall_Winter Holidays,2018-12-21,2019-01-05
2018_Eng_Coventry_Autumn Half Term Holidays,2018-10-22,2018-10-27
2018_Eng_Coventry_Winter Holidays,2018-12-24,2019-01-05
2018_Eng_Croydon_Autumn Half Term Holidays,2018-10-22,2018-10-27
2018_Eng_Croydon_Winter Holidays,2018-12-24,2019-01-05
2018_Eng_Cumbria_Autumn Half Term Holidays,2018-10-22,2018-10-27
2018_Eng_Cumbria_Winter Holidays,2018-12-24,2019-01-08
2018_Eng_Darlington_Autumn Half Term Holidays,2018-10-29,2018-11-03
2018_Eng_Darlington_Winter Holidays,2018-12-24,2019-01-05
2018_Eng_Derbyshire_Autumn Half Term Holidays,2018-10-29,2018-11-03
2018_Eng_Derbyshire_Winter Holidays,2018-12-24,2019-01-05
2018_Eng_Derby_Autumn Half Term Holidays,2018-10-29,2018-11-03
2018_Eng_Derby_Winter Holidays,2018-12-24,2019-01-05
2018_Eng_Devon_Autumn Half Term Holidays,2018-10-22,2018-10-27
2018_Eng_Devon_Winter Holidays,2018-12-24,2019-01-05
2018_Eng_Doncaster_Autumn Half Term Holidays,2018-10-29,2018-11-03
2018_Eng_Doncaster_Winter Holidays,2018-12-24,2019-01-05
2018_Eng_Dorset_Autumn Half Term Holidays,2018-10-22,2018-10-27
2018_Eng_Dorset_Winter Holidays,2018-12-24,2019-01-05
2018_Eng_Dudley_Autumn Half Term Holidays,2018-10-29,2018-11-03
2018_Eng_Dudley_Winter Holidays,2018-12-24,2019-01-05
2018_Eng_Durham_Autumn Half Term Holidays,2018-10-22,2018-10-27
2018_Eng_Durham_Winter Holidays,2018-12-24,2019-01-05
2018_Eng_Ealing_Autumn Half Term Holidays,2018-10-22,2018-10-27
2018_Eng_Ealing_Winter Holidays,2018-12-24,2019-01-05
2018_Eng_East Riding of Yorkshire_Autumn Half Term Holidays,2018-10-29,2018-11-03
2018_Eng_East Riding of Yorkshire_Winter Holidays,2018-12-24,2019-01-05
2018_Eng_East Sussex_Autumn Half Term Holidays,2018-10-22,2018-10-27
2018_Eng_East Sussex_Winter Holidays,2018-12-20,2019-01-03
2018_Eng_Enfield_Autumn Half Term Holidays,2018-10-22,2018-10-27
2018_Eng_Enfield_Winter Holidays,2018-12-24,2019-01-05
2018_Eng_Essex_Autumn Half Term Holidays,2018-10-22,2018-10-27
2018_Eng_Essex_Winter Holidays,2018-12-20,2019-01-03
2018_Eng_Gateshead_Autumn Half Term Holidays,2018-10-22,2018-10-27
2018_Eng_Gateshead_Winter Holidays,2018-12-24,2019-01-05
2018_Eng_Gloucestershire_Autumn Half Term Holidays,2018-10-22,2018-10-27
2018_Eng_Gloucestershire_Winter Holidays,2018-12-24,2019-01-05
2018_Eng_Greenwich_Autumn Half Term Holidays,2018-10-22,2018-10-27
2018_Eng_Greenwich_Winter Holidays,2018-12-24,2019-01-05
2018_Eng_Hackney_Autumn Half Term Holidays,2018-10-22,2018-10-27
2018_Eng_Hackney_Winter Holidays,2018-12-24,2019-01-05
2018_Eng_Halton_Autumn Half Term Holidays,2018-10-22,2018-10-27
2018_Eng_Halton_Winter Holidays,2018-12-24,2019-01-05
2018_Eng_Hammersmith and Fulham_Autumn Half Term Holidays,2018-10-22,2018-10-27
2018_Eng_Hammersmith and Fulham_Winter Holidays,2018-12-24,2019-01-05
2018_Eng_Hampshire_Autumn Half Term Holidays,2018-10-22,2018-10-27
2018_Eng_Hampshire_Winter Holidays,2018-12-24,2019-01-05
2018_Eng_Haringey_Autumn Half Term Holidays,2018-10-22,2018-10-27
2018_Eng_Haringey_Winter Holidays,2018-12-24,2019-01-05
2018_Eng_Harrow_Autumn Half Term Holidays,2018-10-22,2018-10-27
2018_Eng_Harrow_Winter Holidays,2018-12-24,2019-01-05
2018_Eng_Hartlepool_Autumn Half Term Holidays,2018-10-29,2018-11-03
2018_Eng_Hartlepool_Winter Holidays,2018-12-24,2019-01-05
2018_Eng_Havering_Autumn Half Term Holidays,2018-10-22,2018-10-27
2018_Eng_Havering_Winter Holidays,2018-12-20,2019-01-05
2018_Eng_Herefordshire_Autumn Half Term Holidays,2018-10-29,2018-11-03
2018_Eng_Herefordshire_Winter Holidays,2018-12-24,2019-01-09
2018_Eng_Hertfordshire_Autumn Half Term Holidays,2018-10-29,2018-11-03
2018_Eng_Hertfordshire_Winter Holidays,2018-12-24,2019-01-05
2018_Eng_Hillingdon_Autumn Half Term Holidays,2018-10-22,2018-10-27
2018_Eng_Hillingdon_Winter Holidays,2018-12-24,2019-01-05
2018_Eng_Hounslow_Autumn Half Term Holidays,2018-10-22,2018-10-27
2018_Eng_Hounslow_Winter Holidays,2018-12-20,2019-01-03
2018_Eng_Isle of Wight_Autumn Half Term Holidays,2018-10-22,2018-10-27
2018_Eng_Isle of Wight_Winter Holidays,2018-12-24,2019-01-05
2018_Eng_Isles Of Scilly_Autumn Half Term Holidays,2018-10-22,2018-11-03
2018_Eng_Isles Of Scilly_Winter Holidays,2018-12-24,2019-01-05
2018_Eng_Islington_Autumn Half Term Holidays,2018-10-22,2018-10-27
2018_Eng_Islington_Winter Holidays,2018-12-24,2019-01-05
2018_Eng_Kensington and Chelsea_Autumn Half Term Holidays,2018-10-22,2018-10-27
2018_Eng_Kensington and Chelsea_Winter Holidays,2018-12-24,2019-01-05
2018_Eng_Kent_Autumn Half Term Holidays,2018-10-22,2018-10-27
2018_Eng_Kent_Winter Holidays,2018-12-20,2019-01-03
2018_Eng_Kingston upon Hull City of_Autumn Half Term Holidays,2018-10-29,2018-11-03
2018_Eng_Kingston upon Hull City of_Winter Holidays,2018-12-24,2019-01-05
2018_Eng_Kingston upon Thames_Autumn Half Term Holidays,2018-10-22,2018-10-27
2018_Eng_Kingston upon Thames_Winter Holidays,2018-12-24,2019-01-05
2018_Eng_Kirklees_Autumn Half Term Holidays,2018-10-29,2018-11-03
2018_Eng_Kirklees_Winter Holidays,2018-12-24,2019-01-05
2018_Eng_Knowsley_Autumn Half Term Holidays,2018-10-22,2018-10-27
2018_Eng_Knowsley_Winter Holidays,2018-12-21,2019-01-05
2018_Eng_Lambeth_Autumn Half Term Holidays,2018-10-22,2018-10-27
2018_Eng_Lambeth_Winter Holidays,2018-12-24,2019-01-05
2018_Eng_Lancashire_Autumn Half Term Holidays,2018-10-22,2018-10-27
2018_Eng_Lancashire_Winter Holidays,2018-12-24,2019-01-05
2018_Eng_Leeds_Autumn Half Term Holidays,2018-10-29,2018-11-03
2018_Eng_Leeds_Winter Holidays,2018-12-24,2019-01-05
2018_Eng_Leicestershire_Autumn Half Term Holidays,2018-10-15,2018-10-20
2018_Eng_Leicestershire_Winter Holidays,2018-12-24,2019-01-05
2018_Eng_Leicester_Autumn Half Term Holidays,2018-10-22,2018-10-27
2018_Eng_Leicester_Winter Holidays,2018-12-24,2019-01-08
2018_Eng_Lewisham_Autumn Half Term Holidays,2018-10-22,2018-10-27
2018_Eng_Lewisham_Winter Holidays,2018-12-24,2019-01-05
2018_Eng_Lincolnshire_Autumn Half Term Holidays,2018-10-22,2018-10-30
2018_Eng_Lincolnshire_Winter Holidays,2018-12-21,2019-01-05
2018_Eng_Liverpool_Autumn Half Term Holidays,2018-10-22,2018-10-27
2018_Eng_Liverpool_Winter Holidays,2018-12-21,2019-01-05
2018_Eng_Luton_Autumn Half Term Holidays,2018-10-22,2018-10-27
2018_Eng_Luton_Winter Holidays,2018-12-24,2019-01-05
2018_Eng_Manchester_Autumn Half Term Holidays,2018-10-22,2018-10-27
2018_Eng_Manchester_Winter Holidays,2018-12-20,2019-01-03
2018_Eng_Medway_Autumn Half Term Holidays,2018-10-22,2018-10-27
2018_Eng_Medway_Winter Holidays,2018-12-20,2019-01-03
2018_Eng_Merton_Autumn Half Term Holidays,2018-10-22,2018-10-27
2018_Eng_Merton_Winter Holidays,2018-12-24,2019-01-05
2018_Eng_Middlesbrough_Autumn Half Term Holidays,2018-10-29,2018-11-03
2018_Eng_Middlesbrough_Winter Holidays,2018-12-24,2019-01-05
2018_Eng_Milton Keynes_Autumn Half Term Holidays,2018-10-26,2018-11-03
2018_Eng_Milton Keynes_Winter Holidays,2018-12-24,2019-01-05
2018_Eng_Newcastle upon Tyne_Autumn Half Term Holidays,2018-10-29,2018-11-03
2018_Eng_Newcastle upon Tyne_Winter Holidays,2018-12-24,2019-01-05
2018_Eng_Newham_Autumn Half Term Holidays,2018-10-22,2018-10-27
2018_Eng_Newham_Winter Holidays,2018-12-24,2019-01-05
2018_Eng_Norfolk_Autumn Half Term Holidays,2018-10-18,2018-10-27
2018_Eng_Norfolk_Winter Holidays,2018-12-19,2019-01-03
2018_Eng_North East Lincolnshire_Autumn Half Term Holidays,2018-10-22,2018-10-27
2018_Eng_North East Lincolnshire_Winter Holidays,2018-12-24,2019-01-08
2018_Eng_North Lincolnshire_Autumn Half Term Holidays,2018-10-22,2018-10-30
2018_Eng_North Lincolnshire_Winter Holidays,2018-12-21,2019-01-05
2018_Eng_North Somerset_Autumn Half Term Holidays,2018-10-29,2018-11-03
2018_Eng_North Somerset_Winter Holidays,2018-12-24,2019-01-05
2018_Eng_North Tyneside_Autumn Half Term Holidays,2018-10-29,2018-11-03
2018_Eng_North Tyneside_Winter Holidays,2018-12-24,2019-01-05
2018_Eng_North Yorkshire_Autumn Half Term Holidays,2018-10-29,2018-11-03
2018_Eng_North Yorkshire_Winter Holidays,2018-12-24,2019-01-08
2018_Eng_Northamptonshire_Autumn Half Term Holidays,2018-10-22,2018-10-27
2018_Eng_Northamptonshire_Winter Holidays,2018-12-20,2019-01-03
2018_Eng_Northumberland_Autumn Half Term Holidays,2018-10-29,2018-11-03
2018_Eng_Northumberland_Winter Holidays,2018-12-24,2019-01-05
2018_Eng_Nottinghamshire_Autumn Half Term Holidays,2018-10-29,2018-11-03
2018_Eng_Nottinghamshire_Winter Holidays,2018-12-24,2019-01-05
2018_Eng_Nottingham_Autumn Half Term Holidays,2018-10-22,2018-11-03
2018_Eng_Nottingham_Winter Holidays,2018-12-24,2019-01-05
2018_Eng_Oldham_Autumn Half Term Holidays,2018-10-29,2018-11-03
2018_Eng_Oldham_Winter Holidays,2018-12-21,2019-01-05
2018_Eng_Oxfordshire_Autumn Half Term Holidays,2018-10-22,2018-10-27
2018_Eng_Oxfordshire_Winter Holidays,2018-12-24,2019-01-05
2018_Eng_Peterborough_Autumn Half Term Holidays,2018-10-22,2018-10-27
2018_Eng_Peterborough_Winter Holidays,2018-12-20,2019-01-02
2018_Eng_Plymouth_Autumn Half Term Holidays,2018-10-22,2018-10-27
2018_Eng_Plymouth_Winter Holidays,2018-12-24,2019-01-05
2018_Eng_Poole_Autumn Half Term Holidays,2018-10-22,2018-10-27
2018_Eng_Poole_Winter Holidays,2018-12-24,2019-01-05
2018_Eng_Portsmouth_Autumn Half Term Holidays,2018-10-22,2018-10-27
2018_Eng_Portsmouth_Winter Holidays,2018-12-24,2019-01-05
2018_Eng_Reading_Autumn Half Term Holidays,2018-10-22,2018-10-27
2018_Eng_Reading_Winter Holidays,2018-12-24,2019-01-05
2018_Eng_Redbridge_Autumn Half Term Holidays,2018-10-22,2018-10-27
2018_Eng_Redbridge_Winter Holidays,2018-12-24,2019-01-05
2018_Eng_Redcar and Cleveland_Autumn Half Term Holidays,2018-10-29,2018-11-03
2018_Eng_Redcar and Cleveland_Winter Holidays,2018-12-24,2019-01-05
2018_Eng_Richmond upon Thames_Autumn Half Term Holidays,2018-10-22,2018-10-27
2018_Eng_Richmond upon Thames_Winter Holidays,2018-12-24,2019-01-05
2018_Eng_Rochdale_Autumn Half Term Holidays,2018-10-22,2018-10-27
2018_Eng_Rochdale_Winter Holidays,2018-12-20,2019-01-03
2018_Eng_Rotherham_Autumn Half Term Holidays,2018-10-29,2018-11-03
2018_Eng_Rotherham_Winter Holidays,2018-12-24,2019-01-05
2018_Eng_Rutland_Autumn Half Term Holidays,2018-10-15,2018-10-27
2018_Eng_Rutland_Winter Holidays,2018-12-21,2019-01-05
2018_Eng_Salford_Autumn Half Term Holidays,2018-10-22,2018-10-27
2018_Eng_Salford_Winter Holidays,2018-12-24,2019-01-05
2018_Eng_Sandwell_Autumn Half Term Holidays,2018-10-29,2018-11-03
2018_Eng_Sandwell_Winter Holidays,2018-12-24,2019-01-05
2018_Eng_Sefton_Autumn Half Term Holidays,2018-10-22,2018-10-27
2018_Eng_Sefton_Winter Holidays,2018-12-24,2019-01-05
2018_Eng_Sheffield_Autumn Half Term Holidays,2018-10-29,2018-11-03
2018_Eng_Sheffield_Winter Holidays,2018-12-24,2019-01-05
2018_Eng_Shropshire_Autumn Half Term Holidays,2018-10-26,2018-11-03
2018_Eng_Shropshire_Winter Holidays,2018-12-24,2019-01-05
2018_Eng_Slough_Autumn Half Term Holidays,2018-10-22,2018-10-27
2018_Eng_Slough_Winter Holidays,2018-12-20,2019-01-03
2018_Eng_Solihull_Autumn Half Term Holidays,2018-10-29,2018-11-03
2018_Eng_Solihull_Winter Holidays,2018-12-24,2019-01-05
2018_Eng_Somerset_Autumn Half Term Holidays,2018-10-29,2018-11-03
2018_Eng_Somerset_Winter Holidays,2018-12-24,2019-01-05
2018_Eng_South Gloucestershire_Autumn Half Term Holidays,2018-10-29,2018-11-03
2018_Eng_South Gloucestershire_Winter Holidays,2018-12-24,2019-01-05
2018_Eng_South Tyneside_Autumn Half Term Holidays,2018-10-22,2018-10-27
2018_Eng_South Tyneside_Winter Holidays,2018-12-20,2019-01-05
2018_Eng_Southampton_Autumn Half Term Holidays,2018-10-22,2018-10-27
2018_Eng_Southampton_Winter Holidays,2018-12-24,2019-01-05
2018_Eng_Southend-on-Sea_Autumn Half Term Holidays,2018-10-22,2018-10-27
2018_Eng_Southend-on-Sea_Winter Holidays,2018-12-21,2019-01-03
2018_Eng_Southwark_Autumn Half Term Holidays,2018-10-22,2018-10-27
2018_Eng_Southwark_Winter Holidays,2018-12-24,2019-01-05
2018_Eng_St. Helens_Autumn Half Term Holidays,2018-10-22,2018-10-27
2018_Eng_St. Helens_Winter Holidays,2018-12-21,2019-01-05
2018_Eng_Staffordshire_Autumn Half Term Holidays,2018-10-29,2018-11-03
2018_Eng_Staffordshire_Winter Holidays,2018-12-24,2019-01-05
2018_Eng_Stockport_Autumn Half Term Holidays,2018-10-22,2018-10-27
2018_Eng_Stockport_Winter Holidays,2018-12-20,2019-01-03
2018_Eng_Stockton-on-Tees_Autumn Half Term Holidays,2018-10-29,2018-11-03
2018_Eng_Stockton-on-Tees_Winter Holidays,2018-12-24,2019-01-05
2018_Eng_Stoke-on-Trent_Autumn Half Term Holidays,2018-10-29,2018-11-03
2018_Eng_Stoke-on-Trent_Winter Holidays,2018-12-24,2019-01-05
2018_Eng_Suffolk_Autumn Half Term Holidays,2018-10-22,2018-10-27
2018_Eng_Suffolk_Winter Holidays,2018-12-20,2019-01-02
2018_Eng_Sunderland_Autumn Half Term Holidays,2018-10-22,2018-10-27
2018_Eng_Sunderland_Winter Holidays,2018-12-24,2019-01-05
2018_Eng_Surrey_Autumn Half Term Holidays,2018-10-22,2018-10-27
2018_Eng_Surrey_Winter Holidays,2018-12-20,2019-01-03
2018_Eng_Sutton_Autumn Half Term Holidays,2018-10-22,2018-10-27
2018_Eng_Sutton_Winter Holidays,2018-12-24,2019-01-05
2018_Eng_Swindon_Autumn Half Term Holidays,2018-10-25,2018-11-03
2018_Eng_Swindon_Winter Holidays,2018-12-24,2019-01-05
2018_Eng_Tameside_Autumn Half Term Holidays,2018-10-29,2018-11-03
2018_Eng_Tameside_Winter Holidays,2018-12-24,2019-01-05
2018_Eng_Telford and Wrekin_Autumn Half Term Holidays,2018-10-29,2018-11-03
2018_Eng_Telford and Wrekin_Winter Holidays,2018-12-24,2019-01-05
2018_Eng_Thurrock_Autumn Half Term Holidays,2018-10-22,2018-10-27
2018_Eng_Thurrock_Winter Holidays,2018-12-20,2019-01-03
2018_Eng_Torbay_Autumn Half Term Holidays,2018-10-22,2018-10-27
2018_Eng_Torbay_Winter Holidays,2018-12-24,2019-01-05
2018_Eng_Tower Hamlets_Autumn Half Term Holidays,2018-10-22,2018-10-27
2018_Eng_Tower Hamlets_Winter Holidays,2018-12-24,2019-01-05
2018_Eng_Trafford_Autumn Half Term Holidays,2018-10-22,2018-10-27
2018_Eng_Trafford_Winter Holidays,2018-12-24,2019-01-03
2018_Eng_Wakefield_Autumn Half Term Holidays,2018-10-29,2018-11-03
2018_Eng_Wakefield_Winter Holidays,2018-12-24,2019-01-05
2018_Eng_Walsall_Autumn Half Term Holidays,2018-10-29,2018-11-03
2018_Eng_Walsall_Winter Holidays,2018-12-24,2019-01-05
2018_Eng_Waltham Forest_Autumn Half Term Holidays,2018-10-22,2018-10-27
2018_Eng_Waltham Forest_Winter Holidays,2018-12-24,2019-01-05
2018_Eng_Wandsworth_Autumn Half Term Holidays,2018-10-22,2018-10-27
2018_Eng_Wandsworth_Winter Holidays,2018-12-24,2019-01-05
2018_Eng_Warrington_Autumn Half Term Holidays,2018-10-22,2018-10-27
2018_Eng_Warrington_Winter Holidays,2018-12-24,2019-01-03
2018_Eng_Warwickshire_Autumn Half Term Holidays,2018-10-29,2018-11-03
2018_Eng_Warwickshire_Winter Holidays,2018-12-24,2019-01-08
2018_Eng_West Berkshire_Autumn Half Term Holidays,2018-10-22,2018-10-30
2018_Eng_West Berkshire_Winter Holidays,2018-12-21,2019-01-05
2018_Eng_West Sussex_Autumn Half Term Holidays,2018-10-22,2018-10-27
2018_Eng_West Sussex_Winter Holidays,2018-12-20,2019-01-03
2018_Eng_Westminster_Autumn Half Term Holidays,2018-10-22,2018-10-27
2018_Eng_Westminster_Winter Holidays,2018-12-24,2019-01-05
2018_Eng_Wigan_Autumn Half Term Holidays,2018-10-22,2018-10-27
2018_Eng_Wigan_Winter Holidays,2018-12-24,2019-01-08
2018_Eng_Wiltshire_Autumn Half Term Holidays,2018-10-25,2018-11-03
2018_Eng_Wiltshire_Winter Holidays,2018-12-24,2019-01-05
2018_Eng_Windsor and Maidenhead_Autumn Half Term Holidays,2018-10-22,2018-10-27
2018_Eng_Windsor and Maidenhead_Winter Holidays,2018-12-20,2019-01-03
2018_Eng_Wirral_Autumn Half Term Holidays,2018-10-22,2018-10-27
2018_Eng_Wirral_Winter Holidays,2018-12-24,2019-01-05
2018_Eng_Wokingham_Autumn Half Term Holidays,2018-10-22,2018-10-27
2018_Eng_Wokingham_Winter Holidays,2018-12-20,2019-01-03
2018_Eng_Wolverhampton_Autumn Half Term Holidays,2018-10-29,2018-11-03
2018_Eng_Wolverhampton_Winter Holidays,2018-12-24,2019-01-05
2018_Eng_Worcestershire_Autumn Half Term Holidays,2018-10-29,2018-11-03
2018_Eng_Worcestershire_Winter Holidays,2018-12-24,2019-01-05
2018_Eng_York_Autumn Half Term Holidays,2018-10-29,2018-11-03
2018_Eng_York_Winter Holidays,2018-12-24,2019-01-05
2019_Eng_Barking and Dagenham_Spring Half Term Holidays,2019-02-18,2019-02-23
2019_Eng_Barking and Dagenham_Spring Holidays,2019-04-08,2019-04-23
2019_Eng_Barking and Dagenham_Summer Half Term Holidays,2019-05-27,2019-06-01
2019_Eng_Barking and Dagenham_Summer Holidays,2019-07-25,2019-09-03
2019_Eng_Barnet_Spring Half Term Holidays,2019-02-18,2019-02-23
2019_Eng_Barnet_Spring Holidays,2019-04-08,2019-04-23
2019_Eng_Barnet_Summer Half Term Holidays,2019-05-27,2019-06-01
2019_Eng_Barnet_Summer Holidays,2019-07-24,2019-08-31
2019_Eng_Barnsley_Spring Half Term Holidays,2019-02-18,2019-02-23
2019_Eng_Barnsley_Spring Holidays,2019-04-15,2019-04-27
2019_Eng_Barnsley_Summer Half Term Holidays,2019-05-27,2019-06-01
2019_Eng_Barnsley_Summer Holidays,2019-07-23,2019-08-31
2019_Eng_Bath and North East Somerset_Spring Half Term Holidays,2019-02-18,2019-02-23
2019_Eng_Bath and North East Somerset_Spring Holidays,2019-04-08,2019-04-23
2019_Eng_Bath and North East Somerset_Summer Half Term Holidays,2019-05-27,2019-06-01
2019_Eng_Bath and North East Somerset_Summer Holidays,2019-07-24,2019-08-31
2019_Eng_Bedford_Spring Half Term Holidays,2019-02-11,2019-02-16
2019_Eng_Bedford_Spring Holidays,2019-04-08,2019-04-24
2019_Eng_Bedford_Summer Half Term Holidays,2019-05-27,2019-06-01
2019_Eng_Bedford_Summer Holidays,2019-07-22,2019-09-04
2019_Eng_Bexley_Spring Half Term Holidays,2019-02-18,2019-02-23
2019_Eng_Bexley_Spring Holidays,2019-04-08,2019-04-23
2019_Eng_Bexley_Summer Half Term Holidays,2019-05-27,2019-06-01
2019_Eng_Bexley_Summer Holidays,2019-07-24,2019-08-31
2019_Eng_Birmingham_Spring Half Term Holidays,2019-02-18,2019-02-23
2019_Eng_Birmingham_Spring Holidays,2019-04-15,2019-04-27
2019_Eng_Birmingham_Summer Half Term Holidays,2019-05-27,2019-06-01
2019_Eng_Birmingham_Summer Holidays,2019-07-23,2019-08-31
2019_Eng_Blackburn with Darwen_Spring Half Term Holidays,2019-02-18,2019-02-23
2019_Eng_Blackburn with Darwen_Spring Holidays,2019-04-08,2019-04-23
2019_Eng_Blackburn with Darwen_Summer Half Term Holidays,2019-05-27,2019-06-01
2019_Eng_Blackburn with Darwen_Summer Holidays,2019-07-24,2019-08-31
2019_Eng_Blackpool_Spring Half Term Holidays,2019-02-18,2019-02-23
2019_Eng_Blackpool_Spring Holidays,2019-04-08,2019-04-23
2019_Eng_Blackpool_Summer Half Term Holidays,2019-05-27,2019-06-01
2019_Eng_Blackpool_Summer Holidays,2019-07-22,2019-08-31
2019_Eng_Bolton_Spring Half Term Holidays,2019-02-18,2019-02-23
2019_Eng_Bolton_Spring Holidays,2019-04-08,2019-04-23
2019_Eng_Bolton_Summer Half Term Holidays,2019-05-27,2019-06-01
2019_Eng_Bolton_Summer Holidays,2019-07-22,2019-08-31
2019_Eng_Bournemouth_Spring Half Term Holidays,2019-02-18,2019-02-23
2019_Eng_Bournemouth_Spring Holidays,2019-04-08,2019-04-23
2019_Eng_Bournemouth_Summer Half Term Holidays,2019-05-27,2019-06-01
2019_Eng_Bournemouth_Summer Holidays,2019-07-24,2019-08-31
2019_Eng_Bracknell Forest_Spring Half Term Holidays,2019-02-18,2019-02-23
2019_Eng_Bracknell Forest_Spring Holidays,2019-04-08,2019-04-23
2019_Eng_Bracknell Forest_Summer Half Term Holidays,2019-05-27,2019-06-01
2019_Eng_Bracknell Forest_Summer Holidays,2019-07-24,2019-09-04
2019_Eng_Bradford_Spring Half Term Holidays,2019-02-18,2019-02-21
2019_Eng_Bradford_Spring Holidays,2019-04-15,2019-04-27
2019_Eng_Bradford_Summer Half Term Holidays,2019-05-27,2019-06-01
2019_Eng_Bradford_Summer Holidays,2019-07-22,2019-08-31
2019_Eng_Brent_Spring Half Term Holidays,2019-02-18,2019-02-23
2019_Eng_Brent_Spring Holidays,2019-04-08,2019-04-23
2019_Eng_Brent_Summer Half Term Holidays,2019-05-27,2019-06-01
2019_Eng_Brent_Summer Holidays,2019-07-29,2019-08-31
2019_Eng_Brighton and Hove_Spring Half Term Holidays,2019-02-18,2019-02-23
2019_Eng_Brighton and Hove_Spring Holidays,2019-04-10,2019-04-23
2019_Eng_Brighton and Hove_Summer Half Term Holidays,2019-05-27,2019-06-01
2019_Eng_Brighton and Hove_Summer Holidays,2019-07-29,2019-09-05
2019_Eng_Bristol City of_Spring Half Term Holidays,2019-02-18,2019-02-23
2019_Eng_Bristol City of_Spring Holidays,2019-04-08,2019-04-23
2019_Eng_Bristol City of_Summer Half Term Holidays,2019-05-27,2019-06-01
2019_Eng_Bristol City of_Summer Holidays,2019-07-24,2019-08-31
2019_Eng_Bromley_Spring Half Term Holidays,2019-02-18,2019-02-23
2019_Eng_Bromley_Spring Holidays,2019-04-08,2019-04-23
2019_Eng_Bromley_Summer Half Term Holidays,2019-05-27,2019-06-01
2019_Eng_Bromley_Summer Holidays,2019-07-24,2019-08-31
2019_Eng_Buckinghamshire_Spring Half Term Holidays,2019-02-18,2019-02-23
2019_Eng_Buckinghamshire_Spring Holidays,2019-04-08,2019-04-24
2019_Eng_Buckinghamshire_Summer Half Term Holidays,2019-05-27,2019-06-01
2019_Eng_Buckinghamshire_Summer Holidays,2019-07-25,2019-09-04
2019_Eng_Bury_Easter Holidays,2019-04-19,2019-04-23
2019_Eng_Bury_Spring Half Term Holidays,2019-02-18,2019-02-23
2019_Eng_Bury_Spring Holidays,2019-04-01,2019-04-13
2019_Eng_Bury_Summer Half Term Holidays,2019-05-27,2019-06-01
2019_Eng_Bury_Summer Holidays,2019-07-24,2019-08-31
2019_Eng_Calderdale_Spring Half Term Holidays,2019-02-18,2019-02-23
2019_Eng_Calderdale_Spring Holidays,2019-04-15,2019-04-27
2019_Eng_Calderdale_Summer Half Term Holidays,2019-05-27,2019-06-01
2019_Eng_Calderdale_Summer Holidays,2019-07-23,2019-08-31
2019_Eng_Cambridgeshire_Spring Half Term Holidays,2019-02-18,2019-02-23
2019_Eng_Cambridgeshire_Spring Holidays,2019-04-08,2019-04-23
2019_Eng_Cambridgeshire_Summer Half Term Holidays,2019-05-27,2019-06-01
2019_Eng_Cambridgeshire_Summer Holidays,2019-07-25,2019-09-04
2019_Eng_Camden_Spring Half Term Holidays,2019-02-18,2019-02-23
2019_Eng_Camden_Spring Holidays,2019-04-08,2019-04-23
2019_Eng_Camden_Summer Half Term Holidays,2019-05-27,2019-06-01
2019_Eng_Camden_Summer Holidays,2019-07-24,2019-08-31
2019_Eng_Central Bedfordshire_Spring Half Term Holidays,2019-02-11,2019-02-16
2019_Eng_Central Bedfordshire_Spring Holidays,2019-04-08,2019-04-23
2019_Eng_Central Bedfordshire_Summer Half Term Holidays,2019-05-27,2019-06-04
2019_Eng_Central Bedfordshire_Summer Holidays,2019-07-22,2019-09-04
2019_Eng_Cheshire East_Spring Half Term Holidays,2019-02-18,2019-02-23
2019_Eng_Cheshire East_Spring Holidays,2019-04-08,2019-04-23
2019_Eng_Cheshire East_Summer Half Term Holidays,2019-05-27,2019-06-01
2019_Eng_Cheshire East_Summer Holidays,2019-07-25,2019-08-31
2019_Eng_Cheshire West and Chester_Easter Holidays,2019-04-19,2019-04-23
2019_Eng_Cheshire West and Chester_Spring Half Term Holidays,2019-02-18,2019-02-23
2019_Eng_Cheshire West and Chester_Spring Holidays,2019-04-01,2019-04-13
2019_Eng_Cheshire West and Chester_Summer Half Term Holidays,2019-05-27,2019-06-01
2019_Eng_Cheshire West and Chester_Summer Holidays,2019-07-25,2019-08-31
2019_Eng_Cornwall_Spring Half Term Holidays,2019-02-18,2019-02-23
2019_Eng_Cornwall_Spring Holidays,2019-04-08,2019-04-23
2019_Eng_Cornwall_Summer Half Term Holidays,2019-05-27,2019-06-01
2019_Eng_Cornwall_Summer Holidays,2019-07-26,2019-09-04
2019_Eng_Coventry_Spring Half Term Holidays,2019-02-18,2019-02-23
2019_Eng_Coventry_Spring Holidays,2019-04-15,2019-04-27
2019_Eng_Coventry_Summer Half Term Holidays,2019-05-27,2019-06-01
2019_Eng_Coventry_Summer Holidays,2019-07-23,2019-08-31
2019_Eng_Croydon_Spring Half Term Holidays,2019-02-18,2019-02-23
2019_Eng_Croydon_Spring Holidays,2019-04-08,2019-04-23
2019_Eng_Croydon_Summer Half Term Holidays,2019-05-27,2019-06-01
2019_Eng_Croydon_Summer Holidays,2019-07-24,2019-09-03
2019_Eng_Cumbria_Easter Holidays,2019-04-19,2019-04-23
2019_Eng_Cumbria_Spring Half Term Holidays,2019-02-18,2019-02-23
2019_Eng_Cumbria_Spring Holidays,2019-04-01,2019-04-13
2019_Eng_Cumbria_Summer Half Term Holidays,2019-05-27,2019-06-01
2019_Eng_Cumbria_Summer Holidays,2019-07-22,2019-09-04
2019_Eng_Darlington_Spring Half Term Holidays,2019-02-18,2019-02-23
2019_Eng_Darlington_Spring Holidays,2019-04-08,2019-04-23
2019_Eng_Darlington_Summer Half Term Holidays,2019-05-27,2019-06-01
2019_Eng_Darlington_Summer Holidays,2019-07-24,2019-08-31
2019_Eng_Derbyshire_Spring Half Term Holidays,2019-02-18,2019-02-23
2019_Eng_Derbyshire_Spring Holidays,2019-04-15,2019-04-27
2019_Eng_Derbyshire_Summer Half Term Holidays,2019-05-27,2019-06-01
2019_Eng_Derbyshire_Summer Holidays,2019-07-23,2019-09-03
2019_Eng_Derby_Spring Half Term Holidays,2019-02-18,2019-02-23
2019_Eng_Derby_Spring Holidays,2019-04-15,2019-04-27
2019_Eng_Derby_Summer Half Term Holidays,2019-05-27,2019-06-01
2019_Eng_Derby_Summer Holidays,2019-07-26,2019-09-06
2019_Eng_Devon_Spring Half Term Holidays,2019-02-18,2019-02-23
2019_Eng_Devon_Spring Holidays,2019-04-08,2019-04-23
2019_Eng_Devon_Summer Half Term Holidays,2019-05-27,2019-06-01
2019_Eng_Devon_Summer Holidays,2019-07-26,2019-08-31
2019_Eng_Doncaster_Spring Half Term Holidays,2019-02-18,2019-02-23
2019_Eng_Doncaster_Spring Holidays,2019-04-15,2019-04-27
2019_Eng_Doncaster_Summer Half Term Holidays,2019-05-27,2019-06-01
2019_Eng_Doncaster_Summer Holidays,2019-07-23,2019-08-31
2019_Eng_Dorset_Spring Half Term Holidays,2019-02-18,2019-02-23
2019_Eng_Dorset_Spring Holidays,2019-04-08,2019-04-23
2019_Eng_Dorset_Summer Half Term Holidays,2019-05-27,2019-06-01
2019_Eng_Dorset_Summer Holidays,2019-07-24,2019-08-31
2019_Eng_Dudley_Spring Half Term Holidays,2019-02-18,2019-02-23
2019_Eng_Dudley_Spring Holidays,2019-04-15,2019-04-27
2019_Eng_Dudley_Summer Half Term Holidays,2019-05-27,2019-06-01
2019_Eng_Dudley_Summer Holidays,2019-07-23,2019-08-31
2019_Eng_Durham_Spring Half Term Holidays,2019-02-18,2019-02-23
2019_Eng_Durham_Spring Holidays,2019-04-08,2019-04-23
2019_Eng_Durham_Summer Half Term Holidays,2019-05-27,2019-06-01
2019_Eng_Durham_Summer Holidays,2019-07-22,2019-09-03
2019_Eng_Ealing_Spring Half Term Holidays,2019-02-18,2019-02-23
2019_Eng_Ealing_Spring Holidays,2019-04-08,2019-04-23
2019_Eng_Ealing_Summer Half Term Holidays,2019-05-27,2019-06-01
2019_Eng_Ealing_Summer Holidays,2019-07-29,2019-08-31
2019_Eng_East Riding of Yorkshire_Spring Half Term Holidays,2019-02-18,2019-02-23
2019_Eng_East Riding of Yorkshire_Spring Holidays,2019-04-08,2019-04-23
2019_Eng_East Riding of Yorkshire_Summer Half Term Holidays,2019-05-27,2019-06-01
2019_Eng_East Riding of Yorkshire_Summer Holidays,2019-07-24,2019-08-31
2019_Eng_East Sussex_Spring Half Term Holidays,2019-02-18,2019-02-23
2019_Eng_East Sussex_Spring Holidays,2019-04-08,2019-04-23
2019_Eng_East Sussex_Summer Half Term Holidays,2019-05-27,2019-06-01
2019_Eng_East Sussex_Summer Holidays,2019-07-24,2019-09-04
2019_Eng_Enfield_Spring Half Term Holidays,2019-02-18,2019-02-23
2019_Eng_Enfield_Spring Holidays,2019-04-08,2019-04-23
2019_Eng_Enfield_Summer Half Term Holidays,2019-05-27,2019-06-01
2019_Eng_Enfield_Summer Holidays,2019-07-24,2019-08-31
2019_Eng_England_August Bank Holiday,2019-08-26,2019-08-27
2019_Eng_England_Boxing Day,2019-12-26,2019-12-27
2019_Eng_England_Christmas Day,2019-12-25,2019-12-26
2019_Eng_England_Easter Monday,2019-04-22,2019-04-23
2019_Eng_England_Good Friday,2019-04-19,2019-04-20
2019_Eng_England_Late May Bank Holiday,2019-05-27,2019-05-28
2019_Eng_England_May Day,2019-05-06,2019-05-07
2019_Eng_England_New Year's Day,2019-01-01,2019-01-02
2019_Eng_Essex_Spring Half Term Holidays,2019-02-18,2019-02-23
2019_Eng_Essex_Spring Holidays,2019-04-08,2019-04-23
2019_Eng_Essex_Summer Half Term Holidays,2019-05-27,2019-06-01
2019_Eng_Essex_Summer Holidays,2019-07-25,2019-09-03
2019_Eng_Gateshead_Spring Half Term Holidays,2019-02-18,2019-02-23
2019_Eng_Gateshead_Spring Holidays,2019-04-08,2019-04-23
2019_Eng_Gateshead_Summer Half Term Holidays,2019-05-27,2019-06-01
2019_Eng_Gateshead_Summer Holidays,2019-07-22,2019-08-31
2019_Eng_Gloucestershire_Spring Half Term Holidays,2019-02-18,2019-02-23
2019_Eng_Gloucestershire_Spring Holidays,2019-04-08,2019-04-23
2019_Eng_Gloucestershire_Summer Half Term Holidays,2019-05-27,2019-06-01
2019_Eng_Gloucestershire_Summer Holidays,2019-07-24,2019-08-31
2019_Eng_Greenwich_Spring Half Term Holidays,2019-02-18,2019-02-23
2019_Eng_Greenwich_Spring Holidays,2019-04-08,2019-04-23
2019_Eng_Greenwich_Summer Half Term Holidays,2019-05-27,2019-06-01
2019_Eng_Greenwich_Summer Holidays,2019-07-24,2019-08-31
2019_Eng_Hackney_Spring Half Term Holidays,2019-02-18,2019-02-23
2019_Eng_Hackney_Spring Holidays,2019-04-08,2019-04-23
2019_Eng_Hackney_Summer Half Term Holidays,2019-05-27,2019-06-01
2019_Eng_Hackney_Summer Holidays,2019-07-24,2019-08-31
2019_Eng_Halton_Easter Holidays,2019-04-19,2019-04-23
2019_Eng_Halton_Spring Half Term Holidays,2019-02-11,2019-02-16
2019_Eng_Halton_Spring Holidays,2019-04-01,2019-04-13
2019_Eng_Halton_Summer Half Term Holidays,2019-05-27,2019-06-01
2019_Eng_Halton_Summer Holidays,2019-07-25,2019-09-04
2019_Eng_Hammersmith and Fulham_Spring Half Term Holidays,2019-02-18,2019-02-23
2019_Eng_Hammersmith and Fulham_Spring Holidays,2019-04-08,2019-04-23
2019_Eng_Hammersmith and Fulham_Summer Half Term Holidays,2019-05-27,2019-06-01
2019_Eng_Hammersmith and Fulham_Summer Holidays,2019-07-24,2019-08-31
2019_Eng_Hampshire_Spring Half Term Holidays,2019-02-18,2019-02-23
2019_Eng_Hampshire_Spring Holidays,2019-04-08,2019-04-23
2019_Eng_Hampshire_Summer Half Term Holidays,2019-05-27,2019-06-01
2019_Eng_Hampshire_Summer Holidays,2019-07-24,2019-09-04
2019_Eng_Haringey_Spring Half Term Holidays,2019-02-18,2019-02-23
2019_Eng_Haringey_Spring Holidays,2019-04-08,2019-04-23
2019_Eng_Haringey_Summer Half Term Holidays,2019-05-27,2019-06-01
2019_Eng_Haringey_Summer Holidays,2019-07-24,2019-08-31
2019_Eng_Harrow_Spring Half Term Holidays,2019-02-18,2019-02-23
2019_Eng_Harrow_Spring Holidays,2019-04-08,2019-04-23
2019_Eng_Harrow_Summer Half Term Holidays,2019-05-27,2019-06-01
2019_Eng_Harrow_Summer Holidays,2019-07-24,2019-08-31
2019_Eng_Hartlepool_Spring Half Term Holidays,2019-02-18,2019-02-23
2019_Eng_Hartlepool_Spring Holidays,2019-04-08,2019-04-23
2019_Eng_Hartlepool_Summer Half Term Holidays,2019-05-27,2019-06-01
2019_Eng_Hartlepool_Summer Holidays,2019-07-24,2019-08-31
2019_Eng_Havering_Spring Half Term Holidays,2019-02-18,2019-02-23
2019_Eng_Havering_Spring Holidays,2019-04-15,2019-04-27
2019_Eng_Havering_Summer Half Term Holidays,2019-05-27,2019-06-01
2019_Eng_Havering_Summer Holidays,2019-07-25,2019-09-04
2019_Eng_Herefordshire_Spring Half Term Holidays,2019-02-18,2019-02-23
2019_Eng_Herefordshire_Spring Holidays,2019-04-15,2019-04-27
2019_Eng_Herefordshire_Summer Half Term Holidays,2019-05-27,2019-06-01
2019_Eng_Herefordshire_Summer Holidays,2019-07-19,2019-08-31
2019_Eng_Hertfordshire_Spring Half Term Holidays,2019-02-18,2019-02-23
2019_Eng_Hertfordshire_Spring Holidays,2019-04-08,2019-04-23
2019_Eng_Hertfordshire_Summer Half Term Holidays,2019-05-27,2019-06-01
2019_Eng_Hertfordshire_Summer Holidays,2019-07-25,2019-08-31
2019_Eng_Hillingdon_Spring Half Term Holidays,2019-02-18,2019-02-23
2019_Eng_Hillingdon_Spring Holidays,2019-04-08,2019-04-23
2019_Eng_Hillingdon_Summer Half Term Holidays,2019-05-27,2019-06-01
2019_Eng_Hillingdon_Summer Holidays,2019-07-24,2019-08-31
2019_Eng_Hounslow_Spring Half Term Holidays,2019-02-18,2019-02-23
2019_Eng_Hounslow_Spring Holidays,2019-04-08,2019-04-23
2019_Eng_Hounslow_Summer Half Term Holidays,2019-05-27,2019-06-01
2019_Eng_Hounslow_Summer Holidays,2019-07-24,2019-08-31
2019_Eng_Isle of Wight_Spring Half Term Holidays,2019-02-18,2019-02-23
2019_Eng_Isle of Wight_Spring Holidays,2019-04-08,2019-04-23
2019_Eng_Isle of Wight_Summer Half Term Holidays,2019-05-27,2019-06-01
2019_Eng_Isle of Wight_Summer Holidays,2019-07-24,2019-08-31
2019_Eng_Isles Of Scilly_Spring Half Term Holidays,2019-02-18,2019-02-23
2019_Eng_Isles Of Scilly_Spring Holidays,2019-04-08,2019-04-23
2019_Eng_Isles Of Scilly_Summer Half Term Holidays,2019-05-27,2019-06-01
2019_Eng_Isles Of Scilly_Summer Holidays,2019-07-31,2019-08-31
2019_Eng_Islington_Spring Half Term Holidays,2019-02-18,2019-02-23
2019_Eng_Islington_Spring Holidays,2019-04-08,2019-04-23
2019_Eng_Islington_Summer Half Term Holidays,2019-05-27,2019-06-01
2019_Eng_Islington_Summer Holidays,2019-07-24,2019-08-31
2019_Eng_Kensington and Chelsea_Spring Half Term Holidays,2019-02-18,2019-02-23
2019_Eng_Kensington and Chelsea_Spring Holidays,2019-04-08,2019-04-23
2019_Eng_Kensington and Chelsea_Summer Half Term Holidays,2019-05-27,2019-06-01
2019_Eng_Kensington and Chelsea_Summer Holidays,2019-07-24,2019-08-31
2019_Eng_Kent_Spring Half Term Holidays,2019-02-18,2019-02-23
2019_Eng_Kent_Spring Holidays,2019-04-08,2019-04-23
2019_Eng_Kent_Summer Half Term Holidays,2019-05-27,2019-06-01
2019_Eng_Kent_Summer Holidays,2019-07-24,2019-08-31
2019_Eng_Kingston upon Hull City of_Spring Half Term Holidays,2019-02-18,2019-02-23
2019_Eng_Kingston upon Hull City of_Spring Holidays,2019-04-08,2019-04-23
2019_Eng_Kingston upon Hull City of_Summer Half Term Holidays,2019-05-27,2019-06-01
2019_Eng_Kingston upon Hull City of_Summer Holidays,2019-07-24,2019-08-31
2019_Eng_Kingston upon Thames_Spring Half Term Holidays,2019-02-18,2019-02-23
2019_Eng_Kingston upon Thames_Spring Holidays,2019-04-08,2019-04-23
2019_Eng_Kingston upon Thames_Summer Half Term Holidays,2019-05-27,2019-06-01
2019_Eng_Kingston upon Thames_Summer Holidays,2019-07-24,2019-09-04
2019_Eng_Kirklees_Spring Half Term Holidays,2019-02-18,2019-02-23
2019_Eng_Kirklees_Spring Holidays,2019-04-15,2019-04-27
2019_Eng_Kirklees_Summer Half Term Holidays,2019-05-27,2019-06-01
2019_Eng_Kirklees_Summer Holidays,2019-07-23,2019-08-31
2019_Eng_Knowsley_Spring Half Term Holidays,2019-02-18,2019-02-23
2019_Eng_Knowsley_Spring Holidays,2019-04-08,2019-04-23
2019_Eng_Knowsley_Summer Half Term Holidays,2019-05-27,2019-06-01
2019_Eng_Knowsley_Summer Holidays,2019-07-25,2019-08-31
2019_Eng_Lambeth_Spring Half Term Holidays,2019-02-18,2019-02-23
2019_Eng_Lambeth_Spring Holidays,2019-04-08,2019-04-23
2019_Eng_Lambeth_Summer Half Term Holidays,2019-05-27,2019-06-01
2019_Eng_Lambeth_Summer Holidays,2019-07-24,2019-08-31
2019_Eng_Lancashire_Spring Half Term Holidays,2019-02-18,2019-02-23
2019_Eng_Lancashire_Spring Holidays,2019-04-08,2019-04-23
2019_Eng_Lancashire_Summer Half Term Holidays,2019-05-27,2019-06-01
2019_Eng_Lancashire_Summer Holidays,2019-07-24,2019-08-31
2019_Eng_Leeds_Easter Holidays,2019-04-19,2019-04-23
2019_Eng_Leeds_Spring Half Term Holidays,2019-02-18,2019-02-23
2019_Eng_Leeds_Spring Holidays,2019-04-01,2019-04-13
2019_Eng_Leeds_Summer Half Term Holidays,2019-05-27,2019-06-01
2019_Eng_Leeds_Summer Holidays,2019-07-25,2019-08-31
2019_Eng_Leicestershire_Spring Half Term Holidays,2019-02-18,2019-02-23
2019_Eng_Leicestershire_Spring Holidays,2019-04-15,2019-04-27
2019_Eng_Leicestershire_Summer Half Term Holidays,2019-05-27,2019-06-01
2019_Eng_Leicestershire_Summer Holidays,2019-07-15,2019-08-29
2019_Eng_Leicester_Spring Half Term Holidays,2019-02-18,2019-02-23
2019_Eng_Leicester_Spring Holidays,2019-04-15,2019-04-27
2019_Eng_Leicester_Summer Half Term Holidays,2019-05-27,2019-06-01
2019_Eng_Leicester_Summer Holidays,2019-07-15,2019-08-29
2019_Eng_Lewisham_Spring Half Term Holidays,2019-02-18,2019-02-23
2019_Eng_Lewisham_Spring Holidays,2019-04-08,2019-04-23
2019_Eng_Lewisham_Summer Half Term Holidays,2019-05-27,2019-06-01
2019_Eng_Lewisham_Summer Holidays,2019-07-24,2019-08-31
2019_Eng_Lincolnshire_Spring Half Term Holidays,2019-02-18,2019-02-23
2019_Eng_Lincolnshire_Spring Holidays,2019-04-08,2019-04-23
2019_Eng_Lincolnshire_Summer Half Term Holidays,2019-05-27,2019-06-01
2019_Eng_Lincolnshire_Summer Holidays,2019-07-22,2019-09-04
2019_Eng_Liverpool_Spring Half Term Holidays,2019-02-18,2019-02-23
2019_Eng_Liverpool_Spring Holidays,2019-04-08,2019-04-23
2019_Eng_Liverpool_Summer Half Term Holidays,2019-05-27,2019-06-01
2019_Eng_Liverpool_Summer Holidays,2019-07-25,2019-08-31
2019_Eng_Luton_Spring Half Term Holidays,2019-02-18,2019-02-23
2019_Eng_Luton_Spring Holidays,2019-04-08,2019-04-23
2019_Eng_Luton_Summer Half Term Holidays,2019-05-27,2019-06-01
2019_Eng_Luton_Summer Holidays,2019-07-24,2019-08-31
2019_Eng_Manchester_Spring Half Term Holidays,2019-02-18,2019-02-23
2019_Eng_Manchester_Spring Holidays,2019-04-08,2019-04-23
2019_Eng_Manchester_Summer Half Term Holidays,2019-05-27,2019-06-01
2019_Eng_Manchester_Summer Holidays,2019-07-24,2019-08-31
2019_Eng_Medway_Spring Half Term Holidays,2019-02-18,2019-02-23
2019_Eng_Medway_Spring Holidays,2019-04-08,2019-04-23
2019_Eng_Medway_Summer Half Term Holidays,2019-05-27,2019-06-01
2019_Eng_Medway_Summer Holidays,2019-07-24,2019-08-31
2019_Eng_Merton_Spring Half Term Holidays,2019-02-18,2019-02-23
2019_Eng_Merton_Spring Holidays,2019-04-08,2019-04-23
2019_Eng_Merton_Summer Half Term Holidays,2019-05-27,2019-06-01
2019_Eng_Merton_Summer Holidays,2019-07-24,2019-08-31
2019_Eng_Middlesbrough_Spring Half Term Holidays,2019-02-18,2019-02-23
2019_Eng_Middlesbrough_Spring Holidays,2019-04-08,2019-04-23
2019_Eng_Middlesbrough_Summer Half Term Holidays,2019-05-27,2019-06-01
2019_Eng_Middlesbrough_Summer Holidays,2019-07-24,2019-08-31
2019_Eng_Milton Keynes_Spring Half Term Holidays,2019-02-18,2019-02-26
2019_Eng_Milton Keynes_Spring Holidays,2019-04-08,2019-04-23
2019_Eng_Milton Keynes_Summer Half Term Holidays,2019-05-27,2019-06-01
2019_Eng_Milton Keynes_Summer Holidays,2019-07-22,2019-08-31
2019_Eng_Newcastle upon Tyne_Spring Half Term Holidays,2019-02-18,2019-02-23
2019_Eng_Newcastle upon Tyne_Spring Holidays,2019-04-08,2019-04-23
2019_Eng_Newcastle upon Tyne_Summer Half Term Holidays,2019-05-27,2019-06-01
2019_Eng_Newcastle upon Tyne_Summer Holidays,2019-07-22,2019-08-31
2019_Eng_Newham_Spring Half Term Holidays,2019-02-18,2019-02-23
2019_Eng_Newham_Spring Holidays,2019-04-08,2019-04-23
2019_Eng_Newham_Summer Half Term Holidays,2019-05-27,2019-06-01
2019_Eng_Newham_Summer Holidays,2019-07-29,2019-08-31
2019_Eng_Norfolk_Spring Half Term Holidays,2019-02-18,2019-02-23
2019_Eng_Norfolk_Spring Holidays,2019-04-08,2019-04-23
2019_Eng_Norfolk_Summer Half Term Holidays,2019-05-27,2019-06-01
2019_Eng_Norfolk_Summer Holidays,2019-07-25,2019-09-04
2019_Eng_North East Lincolnshire_Spring Half Term Holidays,2019-02-18,2019-02-23
2019_Eng_North East Lincolnshire_Spring Holidays,2019-04-08,2019-04-24
2019_Eng_North East Lincolnshire_Summer Half Term Holidays,2019-05-27,2019-06-01
2019_Eng_North East Lincolnshire_Summer Holidays,2019-07-24,2019-09-04
2019_Eng_North Lincolnshire_Spring Half Term Holidays,2019-02-18,2019-02-23
2019_Eng_North Lincolnshire_Spring Holidays,2019-04-08,2019-04-23
2019_Eng_North Lincolnshire_Summer Half Term Holidays,2019-05-27,2019-06-01
2019_Eng_North Lincolnshire_Summer Holidays,2019-07-22,2019-09-03
2019_Eng_North Somerset_Spring Half Term Holidays,2019-02-18,2019-02-23
2019_Eng_North Somerset_Spring Holidays,2019-04-08,2019-04-23
2019_Eng_North Somerset_Summer Half Term Holidays,2019-05-27,2019-06-01
2019_Eng_North Somerset_Summer Holidays,2019-07-24,2019-08-31
2019_Eng_North Tyneside_Spring Half Term Holidays,2019-02-18,2019-02-23
2019_Eng_North Tyneside_Spring Holidays,2019-04-08,2019-04-23
2019_Eng_North Tyneside_Summer Half Term Holidays,2019-05-27,2019-06-01
2019_Eng_North Tyneside_Summer Holidays,2019-07-22,2019-08-31
2019_Eng_North Yorkshire_Spring Half Term Holidays,2019-02-25,2019-03-02
2019_Eng_North Yorkshire_Spring Holidays,2019-04-15,2019-04-30
2019_Eng_North Yorkshire_Summer Half Term Holidays,2019-05-27,2019-06-01
2019_Eng_North Yorkshire_Summer Holidays,2019-07-23,2019-09-03
2019_Eng_Northamptonshire_Spring Half Term Holidays,2019-02-18,2019-02-23
2019_Eng_Northamptonshire_Spring Holidays,2019-04-08,2019-04-23
2019_Eng_Northamptonshire_Summer Half Term Holidays,2019-05-27,2019-06-01
2019_Eng_Northamptonshire_Summer Holidays,2019-07-25,2019-09-04
2019_Eng_Northumberland_Spring Half Term Holidays,2019-02-18,2019-02-23
2019_Eng_Northumberland_Spring Holidays,2019-04-08,2019-04-23
2019_Eng_Northumberland_Summer Half Term Holidays,2019-05-27,2019-06-01
2019_Eng_Northumberland_Summer Holidays,2019-07-22,2019-08-31
2019_Eng_Nottinghamshire_Spring Half Term Holidays,2019-02-18,2019-02-23
2019_Eng_Nottinghamshire_Spring Holidays,2019-04-08,2019-04-23
2019_Eng_Nottinghamshire_Summer Half Term Holidays,2019-05-27,2019-06-01
2019_Eng_Nottinghamshire_Summer Holidays,2019-07-25,2019-08-30
2019_Eng_Nottingham_Spring Half Term Holidays,2019-02-18,2019-02-23
2019_Eng_Nottingham_Spring Holidays,2019-04-08,2019-04-23
2019_Eng_Nottingham_Summer Half Term Holidays,2019-05-27,2019-06-01
2019_Eng_Nottingham_Summer Holidays,2019-07-29,2019-08-31
2019_Eng_Oldham_Spring Half Term Holidays,2019-02-18,2019-02-23
2019_Eng_Oldham_Spring Holidays,2019-04-08,2019-04-23
2019_Eng_Oldham_Summer Half Term Holidays,2019-05-27,2019-06-01
2019_Eng_Oldham_Summer Holidays,2019-07-19,2019-09-04
2019_Eng_Oxfordshire_Spring Half Term Holidays,2019-02-18,2019-02-23
2019_Eng_Oxfordshire_Spring Holidays,2019-04-08,2019-04-23
2019_Eng_Oxfordshire_Summer Half Term Holidays,2019-05-27,2019-06-01
2019_Eng_Oxfordshire_Summer Holidays,2019-07-25,2019-09-03
2019_Eng_Peterborough_Spring Half Term Holidays,2019-02-18,2019-02-23
2019_Eng_Peterborough_Spring Holidays,2019-04-08,2019-04-23
2019_Eng_Peterborough_Summer Half Term Holidays,2019-05-27,2019-06-01
2019_Eng_Peterborough_Summer Holidays,2019-07-25,2019-09-04
2019_Eng_Plymouth_Spring Half Term Holidays,2019-02-18,2019-02-20
2019_Eng_Plymouth_Spring Holidays,2019-04-08,2019-04-23
2019_Eng_Plymouth_Summer Half Term Holidays,2019-05-27,2019-06-01
2019_Eng_Plymouth_Summer Holidays,2019-07-26,2019-08-31
2019_Eng_Poole_Spring Half Term Holidays,2019-02-18,2019-02-23
2019_Eng_Poole_Spring Holidays,2019-04-08,2019-04-23
2019_Eng_Poole_Summer Half Term Holidays,2019-05-27,2019-06-01
2019_Eng_Poole_Summer Holidays,2019-07-24,2019-08-31
2019_Eng_Portsmouth_Spring Half Term Holidays,2019-02-18,2019-02-23
2019_Eng_Portsmouth_Spring Holidays,2019-04-08,2019-04-23
2019_Eng_Portsmouth_Summer Half Term Holidays,2019-05-27,2019-06-01
2019_Eng_Portsmouth_Summer Holidays,2019-07-24,2019-09-04
2019_Eng_Reading_Spring Half Term Holidays,2019-02-18,2019-02-23
2019_Eng_Reading_Spring Holidays,2019-04-08,2019-04-23
2019_Eng_Reading_Summer Half Term Holidays,2019-05-27,2019-06-01
2019_Eng_Reading_Summer Holidays,2019-07-25,2019-09-04
2019_Eng_Redbridge_Spring Half Term Holidays,2019-02-18,2019-02-23
2019_Eng_Redbridge_Spring Holidays,2019-04-08,2019-04-23
2019_Eng_Redbridge_Summer Half Term Holidays,2019-05-27,2019-06-01
2019_Eng_Redbridge_Summer Holidays,2019-07-24,2019-09-03
2019_Eng_Redcar and Cleveland_Spring Half Term Holidays,2019-02-18,2019-02-23
2019_Eng_Redcar and Cleveland_Spring Holidays,2019-04-08,2019-04-23
2019_Eng_Redcar and Cleveland_Summer Half Term Holidays,2019-05-27,2019-06-01
2019_Eng_Redcar and Cleveland_Summer Holidays,2019-07-24,2019-08-31
2019_Eng_Richmond upon Thames_Spring Half Term Holidays,2019-02-18,2019-02-23
2019_Eng_Richmond upon Thames_Spring Holidays,2019-04-08,2019-04-23
2019_Eng_Richmond upon Thames_Summer Half Term Holidays,2019-05-27,2019-06-01
2019_Eng_Richmond upon Thames_Summer Holidays,2019-07-24,2019-09-04
2019_Eng_Rochdale_Spring Half Term Holidays,2019-02-18,2019-02-23
2019_Eng_Rochdale_Spring Holidays,2019-04-08,2019-04-23
2019_Eng_Rochdale_Summer Half Term Holidays,2019-05-27,2019-06-01
2019_Eng_Rochdale_Summer Holidays,2019-07-22,2019-08-31
2019_Eng_Rotherham_Spring Half Term Holidays,2019-02-18,2019-02-23
2019_Eng_Rotherham_Spring Holidays,2019-04-15,2019-04-27
2019_Eng_Rotherham_Summer Half Term Holidays,2019-05-27,2019-06-01
2019_Eng_Rotherham_Summer Holidays,2019-07-23,2019-08-31
2019_Eng_Rutland_Spring Half Term Holidays,2019-02-18,2019-02-23
2019_Eng_Rutland_Spring Holidays,2019-04-15,2019-04-27
2019_Eng_Rutland_Summer Half Term Holidays,2019-05-27,2019-06-01
2019_Eng_Rutland_Summer Holidays,2019-07-22,2019-09-03
2019_Eng_Salford_Easter Holidays,2019-04-19,2019-04-23
2019_Eng_Salford_Spring Half Term Holidays,2019-02-18,2019-02-23
2019_Eng_Salford_Spring Holidays,2019-04-01,2019-04-13
2019_Eng_Salford_Summer Half Term Holidays,2019-05-27,2019-06-01
2019_Eng_Salford_Summer Holidays,2019-07-25,2019-08-31
2019_Eng_Sandwell_Spring Half Term Holidays,2019-02-18,2019-02-23
2019_Eng_Sandwell_Spring Holidays,2019-04-15,2019-04-27
2019_Eng_Sandwell_Summer Half Term Holidays,2019-05-27,2019-06-01
2019_Eng_Sandwell_Summer Holidays,2019-07-23,2019-08-31
2019_Eng_Sefton_Spring Half Term Holidays,2019-02-18,2019-02-23
2019_Eng_Sefton_Spring Holidays,2019-04-08,2019-04-23
2019_Eng_Sefton_Summer Half Term Holidays,2019-05-27,2019-06-01
2019_Eng_Sefton_Summer Holidays,2019-07-24,2019-09-04
2019_Eng_Sheffield_Easter Holidays,2019-04-19,2019-04-23
2019_Eng_Sheffield_Spring Half Term Holidays,2019-02-18,2019-02-23
2019_Eng_Sheffield_Spring Holidays,2019-04-01,2019-04-13
2019_Eng_Sheffield_Summer Half Term Holidays,2019-05-27,2019-06-01
2019_Eng_Sheffield_Summer Holidays,2019-07-25,2019-08-31
2019_Eng_Shropshire_Spring Half Term Holidays,2019-02-18,2019-02-23
2019_Eng_Shropshire_Spring Holidays,2019-04-15,2019-04-27
2019_Eng_Shropshire_Summer Half Term Holidays,2019-05-27,2019-06-01
2019_Eng_Shropshire_Summer Holidays,2019-07-22,2019-09-03
2019_Eng_Slough_Spring Half Term Holidays,2019-02-18,2019-02-23
2019_Eng_Slough_Spring Holidays,2019-04-08,2019-04-23
2019_Eng_Slough_Summer Half Term Holidays,2019-05-27,2019-06-01
2019_Eng_Slough_Summer Holidays,2019-07-24,2019-09-04
2019_Eng_Solihull_Spring Half Term Holidays,2019-02-18,2019-02-23
2019_Eng_Solihull_Spring Holidays,2019-04-15,2019-04-27
2019_Eng_Solihull_Summer Half Term Holidays,2019-05-27,2019-06-01
2019_Eng_Solihull_Summer Holidays,2019-07-23,2019-08-31
2019_Eng_Somerset_Spring Half Term Holidays,2019-02-18,2019-02-23
2019_Eng_Somerset_Spring Holidays,2019-04-08,2019-04-23
2019_Eng_Somerset_Summer Half Term Holidays,2019-05-27,2019-06-01
2019_Eng_Somerset_Summer Holidays,2019-07-24,2019-08-31
2019_Eng_South Gloucestershire_Spring Half Term Holidays,2019-02-18,2019-02-23
2019_Eng_South Gloucestershire_Spring Holidays,2019-04-08,2019-04-23
2019_Eng_South Gloucestershire_Summer Half Term Holidays,2019-05-27,2019-06-01
2019_Eng_South Gloucestershire_Summer Holidays,2019-07-24,2019-08-31
2019_Eng_South Tyneside_Spring Half Term Holidays,2019-02-18,2019-02-23
2019_Eng_South Tyneside_Spring Holidays,2019-04-08,2019-04-23
2019_Eng_South Tyneside_Summer Half Term Holidays,2019-05-27,2019-06-01
2019_Eng_South Tyneside_Summer Holidays,2019-07-22,2019-08-31
2019_Eng_Southampton_Spring Half Term Holidays,2019-02-18,2019-02-23
2019_Eng_Southampton_Spring Holidays,2019-04-08,2019-04-23
2019_Eng_Southampton_Summer Half Term Holidays,2019-05-27,2019-06-01
2019_Eng_Southampton_Summer Holidays,2019-07-24,2019-08-31
2019_Eng_Southend-on-Sea_Spring Half Term Holidays,2019-02-18,2019-02-23
2019_Eng_Southend-on-Sea_Spring Holidays,2019-04-08,2019-04-23
2019_Eng_Southend-on-Sea_Summer Half Term Holidays,2019-05-27,2019-06-01
2019_Eng_Southend-on-Sea_Summer Holidays,2019-07-25,2019-09-03
2019_Eng_Southwark_Spring Half Term Holidays,2019-02-18,2019-02-23
2019_Eng_Southwark_Spring Holidays,2019-04-08,2019-04-23
2019_Eng_Southwark_Summer Half Term Holidays,2019-05-27,2019-06-01
2019_Eng_Southwark_Summer Holidays,2019-07-24,2019-08-31
2019_Eng_St. Helens_Spring Half Term Holidays,2019-02-18,2019-02-23
2019_Eng_St. Helens_Spring Holidays,2019-04-08,2019-04-23
2019_Eng_St. Helens_Summer Half Term Holidays,2019-05-27,2019-06-01
2019_Eng_St. Helens_Summer Holidays,2019-07-25,2019-08-31
2019_Eng_Staffordshire_Spring Half Term Holidays,2019-02-18,2019-02-23
2019_Eng_Staffordshire_Spring Holidays,2019-04-15,2019-04-27
2019_Eng_Staffordshire_Summer Half Term Holidays,2019-05-27,2019-06-01
2019_Eng_Staffordshire_Summer Holidays,2019-07-23,2019-08-31
2019_Eng_Stockport_Spring Half Term Holidays,2019-02-18,2019-02-23
2019_Eng_Stockport_Spring Holidays,2019-04-08,2019-04-23
2019_Eng_Stockport_Summer Half Term Holidays (Primary),2019-05-27,2019-06-08
2019_Eng_Stockport_Summer Holidays (Primary),2019-07-31,2019-08-31
2019_Eng_Stockton-on-Tees_Spring Half Term Holidays,2019-02-18,2019-02-23
2019_Eng_Stockton-on-Tees_Spring Holidays,2019-04-08,2019-04-23
2019_Eng_Stockton-on-Tees_Summer Half Term Holidays,2019-05-27,2019-06-01
2019_Eng_Stockton-on-Tees_Summer Holidays,2019-07-24,2019-08-31
2019_Eng_Stoke-on-Trent_Spring Half Term Holidays,2019-02-18,2019-02-23
2019_Eng_Stoke-on-Trent_Spring Holidays,2019-04-15,2019-04-27
2019_Eng_Stoke-on-Trent_Summer Half Term Holidays,2019-05-27,2019-06-01
2019_Eng_Stoke-on-Trent_Summer Holidays,2019-07-23,2019-08-31
2019_Eng_Suffolk_Spring Half Term Holidays,2019-02-18,2019-02-23
2019_Eng_Suffolk_Spring Holidays,2019-04-08,2019-04-23
2019_Eng_Suffolk_Summer Half Term Holidays,2019-05-27,2019-06-01
2019_Eng_Suffolk_Summer Holidays,2019-07-25,2019-08-31
2019_Eng_Sunderland_Spring Half Term Holidays,2019-02-18,2019-02-23
2019_Eng_Sunderland_Spring Holidays,2019-04-08,2019-04-23
2019_Eng_Sunderland_Summer Half Term Holidays,2019-05-27,2019-06-01
2019_Eng_Sunderland_Summer Holidays,2019-07-22,2019-09-03
2019_Eng_Surrey_Spring Half Term Holidays,2019-02-18,2019-02-23
2019_Eng_Surrey_Spring Holidays,2019-04-08,2019-04-23
2019_Eng_Surrey_Summer Half Term Holidays,2019-05-27,2019-06-01
2019_Eng_Surrey_Summer Holidays,2019-07-25,2019-09-04
2019_Eng_Sutton_Spring Half Term Holidays,2019-02-18,2019-02-23
2019_Eng_Sutton_Spring Holidays,2019-04-08,2019-04-23
2019_Eng_Sutton_Summer Half Term Holidays,2019-05-27,2019-06-01
2019_Eng_Sutton_Summer Holidays,2019-07-24,2019-08-31
2019_Eng_Swindon_Spring Half Term Holidays,2019-02-18,2019-02-23
2019_Eng_Swindon_Spring Holidays,2019-04-08,2019-04-23
2019_Eng_Swindon_Summer Half Term Holidays,2019-05-27,2019-06-01
2019_Eng_Swindon_Summer Holidays,2019-07-26,2019-08-31
2019_Eng_Tameside_Spring Half Term Holidays,2019-02-18,2019-02-23
2019_Eng_Tameside_Spring Holidays,2019-04-08,2019-04-23
2019_Eng_Tameside_Summer Half Term Holidays (Primary),2019-05-27,2019-06-08
2019_Eng_Tameside_Summer Holidays (Primary),2019-07-29,2019-08-31
2019_Eng_Telford and Wrekin_Spring Half Term Holidays,2019-02-18,2019-02-23
2019_Eng_Telford and Wrekin_Spring Holidays,2019-04-15,2019-04-27
2019_Eng_Telford and Wrekin_Summer Half Term Holidays,2019-05-27,2019-06-01
2019_Eng_Telford and Wrekin_Summer Holidays,2019-07-22,2019-09-03
2019_Eng_Thurrock_Spring Half Term Holidays,2019-02-18,2019-02-23
2019_Eng_Thurrock_Spring Holidays,2019-04-08,2019-04-23
2019_Eng_Thurrock_Summer Half Term Holidays,2019-05-27,2019-06-01
2019_Eng_Thurrock_Summer Holidays,2019-07-25,2019-09-03
2019_Eng_Torbay_Spring Half Term Holidays,2019-02-18,2019-02-23
2019_Eng_Torbay_Spring Holidays,2019-04-08,2019-04-23
2019_Eng_Torbay_Summer Half Term Holidays,2019-05-27,2019-06-01
2019_Eng_Torbay_Summer Holidays,2019-07-24,2019-08-31
2019_Eng_Tower Hamlets_Spring Half Term Holidays,2019-02-18,2019-02-23
2019_Eng_Tower Hamlets_Spring Holidays,2019-04-08,2019-04-23
2019_Eng_Tower Hamlets_Summer Half Term Holidays,2019-05-27,2019-06-01
2019_Eng_Tower Hamlets_Summer Holidays,2019-07-25,2019-08-31
2019_Eng_Trafford_Easter Holidays,2019-04-19,2019-04-23
2019_Eng_Trafford_Spring Half Term Holidays,2019-02-11,2019-02-16
2019_Eng_Trafford_Spring Holidays,2019-04-01,2019-04-13
2019_Eng_Trafford_Summer Half Term Holidays,2019-05-24,2019-06-01
2019_Eng_Trafford_Summer Holidays,2019-07-24,2019-08-31
2019_Eng_Wakefield_Spring Half Term Holidays,2019-02-18,2019-02-23
2019_Eng_Wakefield_Spring Holidays,2019-04-08,2019-04-23
2019_Eng_Wakefield_Summer Half Term Holidays,2019-05-27,2019-06-01
2019_Eng_Wakefield_Summer Holidays,2019-07-24,2019-08-31
2019_Eng_Walsall_Spring Half Term Holidays,2019-02-18,2019-02-23
2019_Eng_Walsall_Spring Holidays,2019-04-15,2019-04-27
2019_Eng_Walsall_Summer Half Term Holidays,2019-05-27,2019-06-01
2019_Eng_Walsall_Summer Holidays,2019-07-23,2019-08-31
2019_Eng_Waltham Forest_Spring Half Term Holidays,2019-02-18,2019-02-23
2019_Eng_Waltham Forest_Spring Holidays,2019-04-08,2019-04-23
2019_Eng_Waltham Forest_Summer Half Term Holidays,2019-05-27,2019-06-01
2019_Eng_Waltham Forest_Summer Holidays,2019-07-24,2019-08-31
2019_Eng_Wandsworth_Spring Half Term Holidays,2019-02-18,2019-02-23
2019_Eng_Wandsworth_Spring Holidays,2019-04-08,2019-04-23
2019_Eng_Wandsworth_Summer Half Term Holidays,2019-05-27,2019-06-01
2019_Eng_Wandsworth_Summer Holidays,2019-07-24,2019-08-31
2019_Eng_Warrington_Spring Half Term Holidays,2019-02-18,2019-02-23
2019_Eng_Warrington_Spring Holidays,2019-04-08,2019-04-23
2019_Eng_Warrington_Summer Half Term Holidays,2019-05-27,2019-06-01
2019_Eng_Warrington_Summer Holidays,2019-07-22,2019-09-04
2019_Eng_Warwickshire_Spring Half Term Holidays,2019-02-18,2019-02-23
2019_Eng_Warwickshire_Spring Holidays,2019-04-15,2019-04-27
2019_Eng_Warwickshire_Summer Half Term Holidays,2019-05-27,2019-06-01
2019_Eng_Warwickshire_Summer Holidays,2019-07-22,2019-09-03
2019_Eng_West Berkshire_Spring Half Term Holidays,2019-02-18,2019-02-23
2019_Eng_West Berkshire_Spring Holidays,2019-04-08,2019-04-24
2019_Eng_West Berkshire_Summer Half Term Holidays,2019-05-24,2019-06-01
2019_Eng_West Berkshire_Summer Holidays,2019-07-25,2019-09-04
2019_Eng_West Sussex_Spring Half Term Holidays,2019-02-18,2019-02-23
2019_Eng_West Sussex_Spring Holidays,2019-04-08,2019-04-23
2019_Eng_West Sussex_Summer Half Term Holidays,2019-05-27,2019-06-01
2019_Eng_West Sussex_Summer Holidays,2019-07-24,2019-08-31
2019_Eng_Westminster_Spring Half Term Holidays,2019-02-18,2019-02-23
2019_Eng_Westminster_Spring Holidays,2019-04-08,2019-04-23
2019_Eng_Westminster_Summer Half Term Holidays,2019-05-27,2019-06-01
2019_Eng_Westminster_Summer Holidays,2019-07-24,2019-08-31
2019_Eng_Wigan_Spring Half Term Holidays,2019-02-18,2019-02-23
2019_Eng_Wigan_Spring Holidays,2019-04-08,2019-04-23
2019_Eng_Wigan_Summer Half Term Holidays,2019-05-27,2019-06-01
2019_Eng_Wigan_Summer Holidays,2019-07-22,2019-09-03
2019_Eng_Wiltshire_Spring Half Term Holidays,2019-02-18,2019-02-23
2019_Eng_Wiltshire_Spring Holidays,2019-04-08,2019-04-23
2019_Eng_Wiltshire_Summer Half Term Holidays,2019-05-27,2019-06-01
2019_Eng_Wiltshire_Summer Holidays,2019-07-26,2019-08-31
2019_Eng_Windsor and Maidenhead_Spring Half Term Holidays,2019-02-18,2019-02-23
2019_Eng_Windsor and Maidenhead_Spring Holidays,2019-04-08,2019-04-23
2019_Eng_Windsor and Maidenhead_Summer Half Term Holidays,2019-05-27,2019-06-01
2019_Eng_Windsor and Maidenhead_Summer Holidays,2019-07-24,2019-09-05
2019_Eng_Wirral_Easter Holidays,2019-04-19,2019-04-23
2019_Eng_Wirral_Spring Half Term Holidays,2019-02-18,2019-02-23
2019_Eng_Wirral_Spring Holidays,2019-04-01,2019-04-13
2019_Eng_Wirral_Summer Half Term Holidays,2019-05-27,2019-06-01
2019_Eng_Wirral_Summer Holidays,2019-07-25,2019-08-31
2019_Eng_Wokingham_Spring Half Term Holidays,2019-02-18,2019-02-23
2019_Eng_Wokingham_Spring Holidays,2019-04-08,2019-04-23
2019_Eng_Wokingham_Summer Half Term Holidays,2019-05-27,2019-06-01
2019_Eng_Wokingham_Summer Holidays,2019-07-24,2019-09-03
2019_Eng_Wolverhampton_Spring Half Term Holidays,2019-02-18,2019-02-23
2019_Eng_Wolverhampton_Spring Holidays,2019-04-15,2019-04-27
2019_Eng_Wolverhampton_Summer Half Term Holidays,2019-05-27,2019-06-01
2019_Eng_Wolverhampton_Summer Holidays,2019-07-23,2019-08-31
2019_Eng_Worcestershire_Spring Half Term Holidays,2019-02-18,2019-02-23
2019_Eng_Worcestershire_Spring Holidays,2019-04-15,2019-04-27
2019_Eng_Worcestershire_Summer Half Term Holidays,2019-05-27,2019-06-01
2019_Eng_Worcestershire_Summer Holidays,2019-07-23,2019-08-31
2019_Eng_York_Spring Half Term Holidays,2019-02-25,2019-03-02
2019_Eng_York_Spring Holidays,2019-04-15,2019-04-27
2019_Eng_York_Summer Half Term Holidays,2019-05-27,2019-06-01
2019_Eng_York_Summer Holidays,2019-07-23,2019-08-31
2020_Eng_England_August Bank Holiday,2020-08-31,2020-09-01
2020_Eng_England_Boxing Day,2020-12-26,2020-12-27
2020_Eng_England_Boxing Day Holiday,2020-12-28,2020-12-29
2020_Eng_England_Christmas Day,2020-12-25,2020-12-26
2020_Eng_England_Easter Monday,2020-04-13,2020-04-14
2020_Eng_England_Good Friday,2020-04-10,2020-04-11
2020_Eng_England_Late May Bank Holiday,2020-05-25,2020-05-26
2020_Eng_England_May Day,2020-05-04,2020-05-05
2020_Eng_England_New Year's Day,2020-01-01,2020-01-02
